,0,1,2,3,4,5,6,7,8,9,10,11,12,13,14,15,16,17,18,19,20,21,22,23,24,25,26,27,28,29,30,31,32,33,34,35,36,37,38,39,40,41,42,43,44,45,46,47,48,49,50,51,52,53,54,55,56,57,58,59,60,61,62,63,64,65,66,67,68,69,70,71,72,73,74,75,76,77,78,79,80,81,82,83,84,85,86,87,88,89,90,91,92,93,94,95,96,97,98,99
0,0,506,393,759,823,388,617,1274,160,776,294,544,681,873,543,374,1002,410,885,632,618,727,844,830,902,305,662,598,816,424,1034,156,898,521,340,92,998,382,825,971,411,978,166,802,811,717,1604,372,390,529,811,405,1121,534,844,719,320,756,330,200,802,467,929,1333,260,335,396,872,422,938,842,171,404,808,394,413,667,841,68,734,457,365,694,496,744,1387,645,479,484,540,492,463,920,167,1169,200,806,440,576,795
1,481,0,780,1182,398,775,987,1342,629,1142,680,1005,1010,481,530,468,1450,872,493,207,1071,1176,1293,1278,1100,750,1123,624,1265,444,1482,484,1166,710,801,426,1446,647,830,1274,869,1410,434,807,1030,306,1673,758,858,933,855,792,1396,678,849,327,220,801,247,669,807,853,1377,1401,702,721,588,887,884,1387,847,340,447,416,434,874,274,1289,481,404,705,827,699,828,1192,1456,230,838,88,732,954,651,1368,614,1238,647,811,826,764,402
2,465,863,0,437,1172,152,262,919,349,687,210,283,757,1208,938,728,877,181,1220,981,326,578,756,741,548,443,421,365,638,659,921,437,539,704,249,489,909,495,574,647,204,783,485,643,452,1052,1250,169,228,189,510,246,844,350,592,1054,677,455,668,305,643,128,816,978,437,180,662,570,372,826,590,518,758,1081,748,360,1001,752,472,994,375,326,552,260,655,1033,1013,244,842,659,398,702,831,314,814,314,534,81,759,1091
3,763,1217,500,0,1506,506,306,960,617,617,572,353,803,1542,1181,987,604,352,1541,1316,268,292,551,536,502,630,256,690,353,969,636,790,468,794,420,837,624,837,666,426,392,526,839,905,381,1386,1291,523,497,294,580,602,622,683,689,1385,1030,518,1022,585,905,489,531,1019,677,533,837,628,434,540,722,872,1017,1390,1006,484,1335,547,811,1304,731,478,806,600,399,1074,1335,584,1195,750,441,816,626,668,856,667,620,434,849,1400
4,802,417,1069,1468,0,1065,1216,1571,950,1208,970,1318,1108,254,671,650,1644,1169,266,244,1360,1369,1460,1472,1328,1040,1350,852,1458,672,1676,785,1395,793,1122,747,1640,876,1059,1503,1159,1620,704,1036,1258,175,1901,1048,1148,1223,1084,1064,1624,906,1077,431,541,1029,551,982,1036,1101,1571,1630,1001,1011,828,1115,1205,1580,1075,661,619,329,649,1195,390,1456,793,559,934,1148,928,1057,1386,1684,253,1066,418,878,1253,800,1562,906,1466,939,1039,1116,786,358
5,408,807,82,485,1115,0,241,898,304,735,186,331,751,1151,877,668,892,209,1163,925,374,625,803,788,526,404,469,327,686,598,969,380,554,698,242,432,956,384,536,662,198,798,428,605,456,995,1228,76,229,236,471,110,822,266,554,997,620,417,611,260,605,90,853,956,392,123,618,532,381,863,552,462,698,1020,687,371,944,800,415,934,238,320,513,119,702,1011,956,103,785,653,446,658,878,254,793,253,496,129,752,1030
6,616,998,307,294,1236,225,0,727,516,729,405,384,915,1272,1084,874,651,387,1271,1046,337,446,705,690,318,624,410,406,507,699,732,588,313,884,448,640,732,541,432,421,404,557,636,672,226,1116,1058,287,427,237,347,296,614,390,456,1116,828,284,819,480,671,210,612,786,612,342,837,395,468,622,489,669,904,1120,894,521,1066,701,623,1034,425,515,573,307,553,841,1164,291,992,839,475,877,758,460,622,460,386,260,938,1130
7,1284,1354,975,955,1593,893,729,0,1184,1373,1073,1051,1560,1629,1751,1542,967,1055,1628,1402,1005,986,1255,1118,782,1291,1070,809,960,1056,1115,1256,867,1551,1116,1308,1113,997,659,887,1071,899,1186,992,751,1473,356,954,1095,905,633,964,866,842,606,1472,1310,604,1282,1147,994,878,995,287,1280,1010,1505,546,1135,1005,503,1303,1572,1477,1562,1188,1422,1252,1290,1390,1016,1183,896,903,1104,139,1534,887,1362,1507,1143,1545,1139,1128,311,1127,641,928,1606,1487
8,160,622,281,612,939,278,507,1164,0,701,182,395,666,989,605,395,927,264,1001,748,472,652,770,755,792,228,567,593,741,563,959,268,786,540,240,234,923,390,802,858,264,903,306,828,699,833,1494,260,230,370,738,295,1046,543,820,835,435,683,445,47,828,356,854,1222,216,223,418,798,347,863,818,310,426,924,415,338,782,766,208,865,347,290,720,385,669,1277,761,369,600,542,418,481,845,96,1059,101,762,328,595,910
9,724,1153,673,614,1165,687,716,1362,648,0,668,473,285,1283,853,758,702,515,1290,1204,435,428,287,410,761,592,409,898,517,1128,654,860,727,503,444,798,592,1016,1050,672,515,678,871,1176,781,1135,1692,677,574,482,979,765,822,882,1078,1384,993,924,1003,628,1176,674,600,1421,613,678,631,1040,302,605,1076,875,759,1281,777,404,1340,283,772,1422,887,407,1084,799,374,1476,946,783,1118,446,319,553,469,734,1257,740,1004,602,536,1310
10,330,728,125,527,1037,139,353,1010,197,718,0,370,734,1073,798,588,944,220,1085,847,416,668,787,772,638,297,512,456,729,609,976,302,630,609,241,354,940,422,664,738,209,874,350,734,543,917,1340,104,183,279,600,154,934,405,683,919,542,545,533,153,733,219,871,1068,285,67,510,661,364,880,681,384,619,1008,608,355,866,783,337,921,276,308,640,244,686,1123,878,228,707,611,435,550,862,180,905,179,625,172,664,994
11,540,995,311,350,1312,330,384,1040,392,531,366,0,657,1362,979,770,757,145,1374,1121,209,461,600,585,669,407,305,543,522,837,789,615,651,609,202,614,753,673,717,595,185,695,663,821,572,1206,1371,347,288,150,646,424,791,528,746,1208,808,592,818,360,821,306,684,1099,454,358,652,707,189,693,744,690,800,1259,790,227,1155,596,588,1172,553,222,730,438,499,1154,1134,422,973,565,242,631,675,477,936,482,671,258,664,1269
12,683,1033,736,781,1091,750,876,1529,664,290,731,633,0,1209,779,650,870,578,1216,1130,595,595,475,599,928,498,576,1058,684,1086,843,818,895,405,507,757,781,1025,1209,839,578,846,829,1335,948,1061,1860,740,640,642,1138,836,989,1016,1238,1290,946,1084,956,644,1335,829,789,1588,482,749,500,1199,462,794,1236,833,680,1207,669,487,1238,471,731,1324,930,509,1244,868,563,1643,871,852,986,315,478,446,658,750,1425,756,1163,762,450,1236
13,848,479,1116,1514,260,1111,1262,1617,996,1323,1016,1364,1224,0,786,766,1760,1216,12,330,1407,1485,1576,1588,1374,1121,1466,898,1574,718,1792,831,1441,909,1169,794,1756,921,1105,1549,1205,1685,750,1082,1304,289,1947,1094,1194,1270,1130,1110,1670,952,1123,349,588,1075,597,1028,1081,1147,1687,1676,1072,1057,944,1161,1251,1696,1121,707,735,224,765,1242,307,1572,840,476,980,1194,974,1102,1502,1730,369,1112,519,994,1321,916,1678,953,1512,986,1085,1162,902,253
14,506,534,866,1198,624,861,1090,1747,617,863,766,994,764,742,0,268,1286,860,749,617,1011,1012,1116,1114,1345,622,992,1069,1101,889,1318,635,1311,456,790,550,1282,855,1275,1256,860,1262,645,1252,1284,595,2077,845,846,985,1285,878,1406,1009,1294,839,581,1230,608,658,1252,940,1213,1806,573,808,377,1332,872,1223,1292,557,238,741,267,810,787,1112,547,890,930,806,1144,968,1028,1860,405,952,487,542,895,399,1204,640,1642,673,1256,913,449,770
15,366,472,650,986,632,647,876,1533,395,754,551,772,634,751,276,0,1074,638,757,589,800,800,917,902,1133,400,781,934,889,770,1107,502,1099,261,568,440,1070,718,1171,1044,639,1050,512,1148,1068,603,1863,629,624,764,1107,664,1194,872,1189,756,487,1052,514,436,1148,726,1002,1592,351,592,180,1167,650,1011,1187,463,30,749,37,588,703,914,414,789,716,584,1040,754,816,1646,413,738,426,346,683,202,992,446,1428,451,1131,697,315,778
16,968,1423,912,585,1618,865,640,935,891,677,912,716,864,1736,1244,1050,0,748,1743,1541,633,308,559,416,414,835,583,948,358,1194,289,1104,434,857,687,1042,326,1118,865,339,758,117,1114,1131,488,1588,1266,921,817,689,806,936,183,963,806,1611,1236,744,1246,871,1130,851,170,994,882,922,900,752,546,179,702,1118,1080,1616,1069,648,1561,556,1016,1530,1065,650,1032,932,408,1049,1398,916,1386,813,562,879,436,978,831,983,846,832,912,1626
17,411,866,198,348,1183,212,389,1046,265,560,221,150,576,1233,850,641,771,0,1245,992,208,460,629,614,674,278,303,496,521,777,804,470,650,523,68,485,782,568,705,594,40,694,518,774,571,1077,1376,202,153,149,641,298,789,478,724,1079,679,586,689,233,774,260,698,1105,325,213,551,701,207,708,722,552,671,1168,661,196,1026,625,459,1089,422,146,683,331,528,1159,1005,314,844,479,277,544,704,348,941,347,666,211,578,1154
18,859,489,1126,1515,272,1122,1263,1618,1007,1334,1027,1374,1235,12,797,776,1771,1226,0,340,1417,1496,1586,1598,1376,1132,1477,900,1585,720,1803,842,1442,920,1179,804,1766,923,1106,1550,1216,1686,760,1083,1306,300,1949,1105,1204,1280,1131,1111,1672,954,1125,361,598,1077,608,1039,1083,1148,1698,1677,1083,1068,955,1163,1262,1707,1123,718,746,236,776,1252,320,1583,850,489,982,1205,975,1104,1513,1732,380,1114,529,1005,1332,927,1689,963,1514,996,1087,1173,913,265
19,606,212,873,1272,239,869,1020,1375,754,1251,774,1122,1136,333,627,593,1530,973,340,0,1164,1301,1419,1404,1132,878,1248,656,1390,476,1608,589,1199,835,926,551,1572,679,863,1307,962,1443,508,840,1062,119,1705,852,952,1027,888,868,1428,710,881,301,345,833,355,786,840,905,1498,1434,830,815,713,919,1009,1508,879,465,572,334,560,999,249,1415,597,378,738,952,732,861,1318,1488,294,870,214,857,1079,777,1494,710,1270,743,843,920,830,364
20,613,1068,366,264,1367,375,338,995,467,456,422,203,642,1430,994,799,680,202,1443,1194,0,375,524,509,599,481,161,582,436,875,712,660,565,607,270,687,677,717,700,510,242,609,708,860,486,1275,1326,392,348,144,615,475,705,566,724,1276,882,552,891,435,860,358,607,1054,527,403,649,663,210,616,739,741,830,1297,818,312,1224,520,661,1210,604,314,768,483,422,1108,1148,467,1046,562,226,628,600,537,890,536,654,286,661,1307
21,726,1181,630,303,1376,639,462,975,650,436,670,467,622,1494,1003,808,334,466,1501,1307,382,0,318,303,334,594,340,828,89,1075,366,862,300,616,446,800,354,981,772,244,506,310,872,1011,353,1347,1306,656,576,408,687,739,440,830,796,1394,995,624,1005,630,1011,622,261,1034,640,666,658,736,304,271,742,877,839,1483,828,406,1342,314,774,1410,868,408,912,747,166,1088,1157,731,1145,571,320,637,380,736,870,742,726,550,671,1470
22,807,1262,755,513,1382,769,672,1198,730,253,750,555,439,1500,1070,889,538,597,1507,1388,477,264,0,186,597,674,427,980,353,1210,430,942,563,690,526,881,368,1099,1031,508,597,514,953,1258,617,1352,1529,760,656,565,946,848,658,964,1055,1474,1075,883,1085,710,1258,756,376,1257,721,761,739,994,384,381,965,957,919,1498,908,487,1422,32,855,1505,969,489,1166,882,150,1312,1162,865,1225,600,401,718,244,817,1094,822,985,684,736,1527
23,828,1283,777,534,1478,790,694,1111,752,403,772,577,589,1596,1105,910,427,619,1603,1409,498,285,222,0,572,696,448,1002,374,1232,306,964,549,718,548,902,250,1120,1021,454,619,421,974,1260,602,1449,1442,781,678,586,936,869,542,986,982,1496,1097,873,1107,732,1260,778,252,1170,742,782,760,928,406,257,878,979,941,1585,930,508,1444,218,876,1526,991,510,1161,903,158,1225,1259,887,1247,673,422,739,127,838,1007,844,975,706,773,1572
24,899,1110,590,487,1348,508,314,767,799,774,688,666,960,1384,1340,1146,422,670,1383,1158,590,338,654,547,0,906,562,565,389,811,542,870,117,954,731,922,542,734,508,251,686,353,919,747,154,1228,1097,569,710,520,423,578,320,579,533,1228,1047,360,1020,762,747,493,423,826,894,625,996,472,642,432,534,952,1176,1232,1165,744,1178,650,905,1146,697,746,648,573,502,880,1289,557,1118,909,658,975,568,743,662,742,462,543,1008,1242
25,298,741,392,628,1038,406,620,1277,226,618,293,414,486,1108,618,416,872,280,1120,867,488,597,714,699,905,0,532,723,686,701,904,434,896,361,209,372,867,587,932,841,280,847,444,1001,810,952,1607,371,261,429,867,421,991,673,950,954,554,813,564,206,1001,486,799,1336,54,334,280,928,292,808,948,448,447,1043,436,216,902,710,346,984,492,219,907,512,614,1390,819,496,719,362,362,320,790,312,1172,318,892,439,416,1030
26,668,1123,463,246,1346,472,405,1059,564,408,519,300,594,1464,973,778,581,299,1471,1250,158,306,476,461,558,536,0,679,395,972,613,757,524,586,368,742,601,814,764,469,339,557,805,957,479,1317,1389,489,445,241,679,572,664,663,788,1336,937,616,947,532,957,455,508,1118,582,500,628,727,246,517,821,819,809,1394,798,348,1284,472,716,1307,702,351,865,580,324,1172,1127,564,1102,541,263,607,551,634,954,634,718,383,641,1404
27,602,632,366,673,870,284,400,791,577,944,464,560,1028,906,1080,935,946,451,905,680,583,816,1013,998,548,683,678,0,876,333,1034,540,615,974,519,616,1034,270,279,723,475,859,461,350,478,750,1121,343,498,446,304,356,844,117,297,750,585,249,557,539,350,285,915,850,671,402,896,335,642,924,295,578,960,754,948,631,700,1009,564,668,292,596,259,249,912,904,811,250,640,930,655,936,1060,521,686,520,259,359,1029,764
28,817,1272,689,362,1467,698,521,958,740,526,744,526,713,1585,1094,899,386,525,1592,1398,441,102,409,394,392,684,399,887,0,1134,418,953,358,707,537,891,406,1040,831,301,565,327,963,1070,412,1437,1289,715,666,466,746,798,423,889,829,1485,1085,683,1095,720,1070,680,313,1017,731,725,749,775,395,322,725,968,930,1555,918,497,1432,405,865,1469,927,499,971,806,257,1072,1248,790,1236,662,411,728,432,827,854,832,785,609,761,1560
29,432,437,669,955,676,587,703,1058,551,1181,569,863,1086,712,898,779,1213,754,711,485,896,1083,1250,1235,815,710,983,339,1144,0,1301,386,882,926,745,446,1301,362,546,990,758,1126,306,449,745,556,1388,642,747,759,571,551,1111,393,564,555,414,516,386,582,448,588,1182,1117,665,604,801,602,827,1191,562,399,771,560,758,818,505,1246,394,474,421,770,375,544,1149,1171,616,553,445,945,897,868,1325,506,953,539,526,662,981,570
30,1018,1473,966,645,1668,943,718,1076,941,624,962,766,810,1786,1294,1100,288,808,1793,1599,688,368,443,285,536,885,638,1041,419,1288,0,1154,512,907,737,1092,124,1211,985,418,808,282,1164,1224,566,1638,1407,971,867,750,900,1014,369,1056,947,1686,1286,837,1296,921,1224,929,167,1135,932,972,950,893,596,118,843,1168,1130,1709,1119,698,1633,439,1066,1623,1143,700,1125,1011,347,1190,1448,994,1436,863,612,929,216,1028,972,1033,939,892,962,1719
31,160,510,369,771,813,364,593,1235,260,909,269,617,813,849,640,506,1134,469,861,622,660,860,977,962,878,438,755,512,949,387,1167,0,873,654,472,177,1130,296,764,981,458,1110,130,734,786,693,1566,348,447,523,726,381,1174,450,783,694,324,671,309,282,734,442,1062,1294,393,311,528,786,555,1071,781,167,520,783,507,545,642,973,122,697,373,498,626,471,876,1349,659,455,488,672,625,595,1052,206,1130,239,745,415,708,770
32,909,1183,591,452,1422,540,315,854,805,739,687,640,926,1457,1306,1112,441,639,1456,1231,555,304,619,526,124,897,528,638,364,884,522,881,0,919,707,933,522,808,581,211,679,347,929,821,163,1302,1184,602,708,518,496,611,420,653,606,1301,1120,434,1093,761,820,526,402,913,893,624,962,545,608,412,621,962,1142,1306,1131,710,1251,616,916,1219,740,712,722,607,468,968,1362,591,1191,875,624,941,548,759,749,758,535,542,974,1316
33,505,709,682,786,789,696,881,1534,519,505,586,598,405,907,440,255,875,524,914,825,600,600,717,702,933,366,581,1012,689,908,907,640,900,0,454,579,870,853,1214,844,525,850,651,1286,953,760,1865,665,587,647,1143,715,994,963,1240,968,681,1089,708,499,1286,776,802,1593,338,628,155,1204,467,811,1238,627,286,906,292,436,916,714,553,1002,785,458,1178,805,617,1648,570,789,662,109,483,50,793,581,1430,586,1168,727,84,935
34,343,798,229,419,1115,243,452,1108,237,492,242,209,508,1165,782,573,718,71,1177,924,279,443,561,546,737,210,374,559,532,746,750,479,720,455,0,417,714,598,767,665,71,694,489,836,641,1009,1439,233,134,219,703,329,838,509,786,1011,611,648,621,206,836,322,645,1167,257,244,482,764,138,654,784,493,603,1099,592,128,958,557,391,1041,452,78,745,362,460,1222,937,345,776,410,209,476,636,322,1004,328,728,273,510,1086
35,74,427,434,819,744,429,658,1315,222,836,334,604,748,794,481,382,1062,471,806,553,679,788,905,890,943,366,722,618,877,439,1094,178,938,545,400,0,1058,418,840,1032,471,1038,181,817,852,638,1645,413,452,588,826,446,1182,549,858,640,240,771,250,263,817,508,989,1374,328,376,420,886,483,999,856,101,361,728,348,473,587,901,106,670,494,426,709,536,804,1428,559,520,404,564,553,487,980,208,1210,241,820,481,600,715
36,1000,1455,948,644,1650,962,747,1103,923,579,944,748,766,1768,1276,1082,341,790,1775,1581,670,367,398,254,564,867,620,1069,417,1316,120,1136,541,889,719,1074,0,1239,1013,446,790,335,1146,1252,594,1620,1434,953,849,748,928,1041,422,1084,974,1668,1268,865,1278,903,1252,949,189,1162,914,954,932,920,578,171,870,1150,1112,1737,1101,680,1615,394,1048,1651,1162,682,1153,1039,329,1217,1430,1023,1418,845,594,911,142,1010,999,1015,967,878,944,1743
37,468,650,421,806,888,346,519,993,470,1034,376,669,1033,924,943,811,1134,521,923,698,702,953,1102,1088,736,595,797,270,1014,351,1222,374,803,907,555,492,1222,0,524,911,510,1047,369,493,666,768,1324,357,499,564,484,266,1032,207,542,768,493,429,465,450,492,396,1102,1052,583,320,809,544,680,1112,540,456,823,772,810,671,718,1099,447,686,137,623,385,269,1002,1106,829,285,658,909,750,849,1178,415,888,418,504,468,962,782
38,855,845,616,652,1084,536,426,653,829,1090,712,717,1264,1119,1306,1187,889,704,1118,893,698,777,1062,1000,510,931,767,300,838,546,996,803,577,1217,769,869,996,536,0,685,724,821,723,482,440,964,984,596,751,598,230,608,787,397,210,963,827,201,812,787,482,523,876,712,919,650,1145,205,801,886,242,831,1178,968,1166,852,913,1058,817,881,556,846,384,501,910,767,1024,503,853,1172,808,1184,1022,773,549,772,134,568,1271,978
39,966,1285,693,427,1524,642,417,880,855,676,789,591,862,1559,1243,1048,353,590,1558,1333,506,240,556,438,251,834,464,740,280,986,434,983,211,856,658,1035,434,910,683,0,630,258,1031,923,265,1404,1210,704,736,532,598,713,344,755,708,1403,1222,536,1195,823,922,628,314,939,880,726,898,647,544,324,647,1064,1079,1408,1068,646,1353,552,1014,1321,842,648,824,709,404,994,1397,693,1293,811,560,877,459,861,775,860,637,644,911,1418
40,417,872,181,389,1188,195,404,1060,271,566,204,190,582,1224,856,647,792,40,1236,998,248,500,635,620,689,284,344,511,561,760,824,453,683,529,74,491,788,550,719,634,0,734,501,788,596,1068,1391,185,136,189,655,281,830,461,738,1070,685,600,684,239,788,274,719,1119,331,196,557,716,213,729,736,534,677,1158,667,202,1017,631,465,1072,404,152,697,314,534,1174,1011,297,850,485,283,551,710,330,956,330,680,225,584,1145
41,955,1403,820,530,1605,770,545,845,878,664,899,694,851,1677,1231,1037,117,693,1676,1451,609,295,546,403,324,822,566,858,316,1104,276,1091,339,844,674,1029,314,1028,775,244,733,0,1101,1041,392,1522,1176,832,804,634,716,841,182,873,716,1521,1223,654,1233,858,1040,755,157,904,869,854,887,662,533,166,612,1105,1067,1526,1056,635,1471,543,1003,1439,970,637,942,837,395,959,1386,821,1374,800,549,866,423,965,741,970,755,771,899,1536
42,208,455,405,808,730,401,630,1157,297,957,306,654,862,766,687,555,1183,505,778,539,696,908,1026,1011,900,487,792,440,998,304,1215,126,910,703,521,223,1179,294,686,1018,494,1154,0,656,823,610,1487,384,484,559,648,417,1196,371,704,611,260,593,226,318,655,479,1110,1216,442,347,577,708,604,1120,702,184,566,700,554,594,559,1022,171,614,371,547,547,503,925,1270,604,492,433,721,674,644,1101,242,1052,275,666,452,757,687
43,817,808,692,889,1046,609,663,985,848,1238,790,858,1353,1082,1268,1162,1145,777,1081,856,877,1015,1299,1238,748,1008,963,356,1076,462,1233,758,814,1300,845,832,1234,496,478,922,801,1058,678,0,678,926,1315,669,824,740,503,681,1044,439,471,925,789,449,774,864,58,611,1114,1044,996,727,1186,529,942,1123,489,794,1141,930,1128,956,875,1296,780,844,551,922,143,574,1148,1098,987,576,816,1256,949,1253,1259,793,880,826,459,685,1355,940
44,826,1077,507,368,1315,441,232,765,722,790,603,556,976,1351,1298,1089,492,556,1350,1125,472,354,670,577,153,822,484,532,415,778,572,798,153,970,624,850,572,701,475,261,596,397,846,714,0,1195,1096,502,625,435,390,512,449,546,500,1195,1014,327,986,678,714,426,453,824,810,541,1012,439,637,462,532,879,1119,1199,1109,687,1145,666,833,1113,641,681,615,506,518,879,1256,490,1085,925,645,991,598,675,661,674,429,458,1024,1209
45,682,312,949,1348,169,945,1096,1451,830,1180,850,1198,1081,294,644,623,1606,1049,301,124,1240,1342,1433,1445,1208,955,1323,732,1431,552,1649,665,1275,766,1002,627,1613,756,939,1383,1039,1519,584,916,1138,0,1781,928,1028,1103,964,944,1504,786,957,377,421,909,431,862,916,981,1544,1510,906,891,801,995,1085,1554,955,541,592,292,622,1075,325,1429,673,454,814,1028,808,937,1359,1564,226,946,313,851,1155,773,1535,786,1346,819,919,996,759,322
46,1610,1681,1302,1281,1919,1219,1056,358,1511,1700,1400,1378,1886,1955,2078,1868,1294,1382,1954,1729,1332,1313,1582,1444,1108,1618,1397,1136,1286,1382,1441,1582,1194,1878,1442,1634,1440,1323,985,1213,1398,1225,1512,1319,1077,1799,0,1281,1421,1231,959,1290,1192,1168,933,1799,1636,930,1608,1474,1321,1205,1322,614,1606,1337,1832,872,1462,1331,830,1629,1899,1803,1888,1515,1749,1578,1616,1717,1343,1509,1222,1230,1430,250,1860,1214,1689,1833,1469,1872,1465,1455,638,1454,968,1255,1933,1813
47,370,768,96,498,1077,72,301,958,266,722,147,344,738,1112,842,633,938,196,1125,886,387,638,790,775,586,366,482,387,699,623,980,342,600,678,230,394,943,402,596,708,185,844,390,665,513,957,1288,0,200,250,532,127,882,336,614,958,582,477,573,222,665,150,875,1016,354,85,580,592,368,884,612,423,663,1044,653,358,906,786,377,958,256,307,574,172,690,1071,918,156,746,640,438,619,866,219,853,218,556,142,733,1034
48,388,850,218,500,1167,232,434,1090,228,616,181,283,636,1217,832,623,842,152,1229,976,360,567,685,670,719,259,455,540,656,757,874,450,712,583,128,462,838,546,749,746,148,818,499,818,626,1061,1421,206,0,226,685,278,941,498,768,1062,663,630,673,196,818,304,769,1149,305,191,531,745,262,778,766,532,653,1151,643,253,1010,681,436,1070,400,205,727,347,584,1204,989,331,828,538,332,571,760,313,986,318,710,255,638,1138
49,527,955,235,285,1264,244,241,897,368,534,291,153,701,1299,972,763,708,152,1311,1073,145,396,602,587,526,430,240,451,457,744,740,528,525,653,220,577,728,586,602,530,192,630,577,729,438,1144,1228,261,216,0,517,344,726,435,626,1145,768,455,760,336,728,227,635,956,456,271,681,565,237,644,629,610,793,1166,783,284,1093,598,560,1079,473,278,637,352,500,1011,1104,336,933,608,244,674,677,406,793,405,556,155,708,1176
50,810,862,541,570,1100,461,344,632,754,1012,637,642,1189,1136,1288,1112,826,629,1135,910,620,696,980,918,428,856,685,316,756,563,914,749,495,1142,694,825,914,480,227,603,649,739,669,499,358,980,962,521,676,520,0,533,724,325,244,980,793,59,765,712,499,448,794,691,844,575,1070,183,726,804,288,786,1142,984,1132,777,930,976,773,898,500,771,400,426,828,745,1041,428,870,1097,733,1109,940,698,527,697,163,492,1196,994
51,344,742,177,579,1051,102,320,977,244,790,132,425,789,1086,811,602,972,277,1098,860,468,720,858,844,606,351,563,406,781,590,1048,316,633,663,311,368,1012,370,615,741,266,877,364,684,536,931,1308,113,255,331,551,0,902,353,634,932,556,496,547,207,684,170,933,1036,339,76,565,612,436,942,632,397,632,1012,622,427,880,855,350,926,200,379,588,196,758,1091,891,180,720,665,506,605,934,188,872,187,576,224,718,1008
52,1094,1397,877,626,1636,795,601,839,1018,804,975,790,990,1671,1371,1176,183,789,1670,1445,705,434,686,534,318,962,663,852,412,1098,381,1158,404,984,814,1168,418,1022,769,341,829,188,1206,1035,442,1516,1170,856,935,731,710,866,0,867,710,1515,1334,648,1307,998,1034,780,296,898,1008,912,1026,656,672,306,606,1239,1207,1520,1196,774,1465,682,1142,1433,984,776,936,860,534,953,1525,844,1405,939,688,1005,528,1030,735,1029,749,830,1039,1530
53,513,651,346,669,890,264,390,841,540,935,445,541,1008,925,991,860,982,432,924,699,573,820,1003,988,585,663,669,128,881,352,1070,451,651,955,500,527,1070,183,384,759,455,895,372,412,515,769,1172,324,479,436,332,337,881,0,402,769,495,278,468,519,412,265,951,900,651,382,877,393,623,960,400,488,871,774,858,611,719,1000,475,687,202,577,304,208,903,955,830,219,659,910,646,917,1079,484,737,483,357,339,1010,784
54,856,846,646,680,1084,564,454,599,857,1122,745,754,1302,1120,1306,1200,828,732,1119,894,730,813,1090,978,545,963,795,301,820,547,975,804,612,1254,800,870,974,537,208,720,756,759,724,466,476,964,930,624,779,630,247,637,726,399,0,964,828,218,813,819,465,560,856,658,951,682,1177,94,838,865,104,832,1179,968,1167,889,914,1086,818,882,556,877,367,529,938,713,1025,531,854,1209,845,1217,999,802,495,801,255,605,1308,978
55,696,326,963,1361,442,958,1110,1464,844,1392,863,1211,1260,349,832,751,1619,1063,361,266,1254,1403,1521,1506,1222,968,1338,746,1492,566,1708,678,1288,963,1016,641,1674,769,953,1397,1052,1532,597,930,1152,336,1795,942,1041,1117,978,958,1518,800,971,0,435,923,445,876,929,994,1588,1523,920,905,837,1009,1099,1598,969,555,730,204,717,1089,198,1517,687,239,828,1042,821,950,1420,1578,492,960,397,982,1169,904,1596,800,1360,833,933,1010,1018,182
56,296,218,595,997,535,590,819,1303,444,1053,496,821,941,585,581,482,1279,688,597,344,886,1004,1122,1107,1054,569,939,584,1093,404,1311,300,1100,689,617,242,1275,491,791,1208,684,1255,249,768,984,429,1633,574,673,749,801,607,1350,525,809,431,0,746,41,485,767,669,1206,1361,520,537,564,847,700,1216,807,156,461,520,449,690,378,1118,297,436,560,642,660,682,1021,1416,367,681,196,708,770,630,1197,430,1198,463,771,642,744,506
57,757,802,488,510,1041,408,284,599,701,952,584,588,1136,1077,1235,1059,766,576,1076,850,561,636,920,859,369,803,626,257,697,504,854,696,435,1088,641,772,855,427,194,544,596,679,616,440,299,921,930,468,623,460,63,480,665,272,212,920,740,0,712,659,440,395,735,658,791,522,1016,151,672,744,255,733,1089,925,1078,724,870,917,720,838,446,718,341,373,769,713,982,375,810,1044,680,1056,880,645,495,644,131,439,1143,935
58,310,245,585,988,561,581,810,1269,458,1066,486,834,954,597,609,510,1292,685,609,371,876,1018,1135,1120,1012,582,952,552,1107,373,1324,298,1079,716,630,255,1288,457,778,1187,675,1268,217,754,942,441,1600,564,664,739,760,597,1308,484,796,443,35,705,0,498,754,659,1219,1328,534,527,591,820,713,1229,794,169,488,532,476,703,391,1131,306,445,519,656,646,641,1034,1383,394,654,223,735,783,658,1210,422,1164,455,758,632,771,519
59,200,662,242,579,980,256,470,1126,46,679,142,361,644,1029,645,436,905,230,1041,789,438,630,748,733,755,206,534,572,719,596,937,289,746,518,206,268,901,411,781,824,230,881,338,849,660,874,1457,221,196,336,717,271,1020,522,800,875,476,662,486,0,849,336,832,1185,194,184,419,778,325,841,798,351,466,964,456,316,823,744,248,905,328,268,741,361,647,1240,802,345,640,520,396,459,823,117,1022,122,742,289,573,951
60,809,799,683,881,1037,601,655,979,839,1230,782,849,1345,1073,1259,1153,1137,768,1072,847,868,1006,1291,1229,739,1000,955,347,1067,453,1225,749,806,1292,836,823,1225,487,470,914,792,1050,670,50,669,917,1310,660,816,731,495,672,1035,431,463,917,781,440,766,856,0,602,1105,1038,988,719,1178,524,933,1115,484,785,1132,921,1120,948,867,1287,771,835,543,914,134,566,1139,1093,978,568,807,1247,940,1244,1251,784,874,817,450,676,1346,931
61,483,877,174,492,1115,92,198,854,383,750,272,370,841,1151,950,741,849,265,1150,925,389,640,819,804,483,491,484,284,701,578,930,454,510,788,333,507,930,414,493,619,289,754,503,562,413,995,1185,153,312,252,428,163,779,269,511,994,694,374,686,347,561,0,810,913,479,213,705,489,454,820,509,536,771,999,761,444,945,815,489,913,292,410,470,179,718,968,1030,162,859,744,461,745,894,327,750,326,453,173,843,1009
62,925,1380,868,542,1575,830,605,963,848,585,869,673,771,1693,1201,1007,175,705,1700,1506,590,265,404,246,422,792,540,928,315,1174,180,1061,399,814,644,999,186,1098,871,304,715,169,1071,1110,453,1545,1293,878,774,646,786,901,294,942,834,1591,1193,723,1203,828,1110,816,0,1022,839,879,857,780,503,70,730,1075,1037,1596,1026,605,1540,400,973,1509,1030,607,1012,897,308,1076,1355,881,1343,770,519,836,267,935,858,940,825,789,869,1606
63,1345,1415,1036,1016,1654,954,790,279,1245,1434,1134,1112,1620,1690,1812,1603,1028,1116,1689,1463,1066,1047,1316,1178,843,1352,1131,870,1021,1116,1176,1316,928,1612,1177,1369,1174,1058,720,948,1132,960,1247,1053,812,1534,609,1015,1156,966,694,1025,926,903,667,1533,1370,665,1343,1208,1055,939,1056,0,1340,1071,1566,606,1196,1066,564,1364,1633,1538,1623,1249,1483,1313,1350,1451,1077,1244,956,964,1164,392,1594,948,1423,1568,1204,1606,1200,1189,234,1188,702,989,1667,1548
64,257,705,374,675,1000,388,602,1259,207,614,274,460,482,1072,577,367,918,327,1084,831,535,643,761,746,887,54,578,705,732,660,950,392,879,357,256,331,914,550,914,888,327,894,403,983,792,916,1589,353,307,456,849,403,1038,654,932,918,518,794,528,187,982,468,845,1317,0,316,258,910,339,855,930,407,398,1006,387,261,865,757,305,948,474,263,881,493,660,1372,781,477,670,358,409,298,836,278,1154,284,874,421,411,993
65,346,744,152,549,1052,78,306,963,242,779,137,399,779,1088,818,609,957,253,1100,862,438,689,848,833,592,341,533,392,750,575,1033,317,619,654,287,370,1001,355,601,727,242,863,366,670,522,932,1294,83,245,300,537,87,888,342,620,934,557,482,549,197,670,156,919,1022,330,0,555,597,426,928,618,399,639,996,629,415,882,844,352,910,209,365,573,185,747,1076,893,168,722,656,496,595,923,195,858,194,562,197,708,1006
66,386,591,600,838,802,614,828,1484,411,618,500,650,486,921,372,187,927,552,927,707,652,652,770,755,986,280,633,930,741,789,959,522,952,160,482,460,923,734,1139,896,553,903,532,1167,1006,773,1815,579,533,681,1075,629,1046,880,1158,848,561,1020,589,413,1167,694,854,1543,252,542,0,1135,519,863,1156,507,217,919,224,486,796,766,434,882,699,489,1059,719,669,1598,583,703,544,208,536,102,845,462,1380,468,1100,646,215,924
67,877,889,608,615,1128,528,389,538,820,1057,704,708,1243,1163,1350,1178,773,695,1162,937,665,748,1025,923,481,922,731,344,766,590,920,815,547,1208,761,891,919,546,208,655,716,705,736,527,411,1008,868,587,743,565,182,600,672,391,92,1007,859,153,832,778,529,514,801,596,910,641,1136,0,792,810,105,852,1208,1012,1198,844,957,1022,839,925,566,838,430,493,873,651,1068,494,897,1163,799,1176,945,764,433,764,191,559,1263,1022
68,422,877,370,423,1194,384,465,1122,346,354,366,200,521,1244,860,652,580,212,1256,1003,206,305,422,407,638,290,240,647,394,826,612,558,604,473,142,496,575,714,798,549,213,555,568,924,646,1088,1452,375,272,231,728,463,699,631,827,1090,690,673,700,325,924,411,507,1180,336,376,516,788,0,516,825,573,682,1179,672,102,1038,418,470,1120,585,104,833,503,322,1235,1014,487,855,428,70,494,498,432,1017,438,752,351,528,1166
69,934,1389,878,551,1584,839,614,972,857,588,878,683,774,1702,1211,1016,184,714,1709,1515,600,274,406,248,432,801,550,937,324,1184,130,1070,408,824,654,1008,167,1107,880,313,725,178,1080,1120,462,1554,1303,887,784,655,795,910,304,952,843,1600,1202,733,1212,837,1120,825,63,1031,848,888,866,789,512,0,739,1085,1047,1605,1036,614,1550,403,982,1518,1039,616,1021,907,311,1086,1365,890,1353,779,528,845,270,944,868,949,834,798,878,1615
70,861,851,651,718,1090,569,492,496,862,1130,750,758,1306,1125,1312,1206,724,736,1124,899,746,743,1012,874,538,968,826,306,716,552,871,809,624,1258,804,876,870,542,236,643,760,655,729,489,513,970,826,628,784,640,290,642,622,404,104,969,833,261,818,824,491,565,752,554,956,687,1182,108,842,761,0,837,1184,974,1172,894,919,1008,824,887,562,882,392,534,860,609,1030,536,859,1214,850,1222,895,806,391,805,294,609,1313,984
71,175,345,446,848,663,442,670,1291,300,930,346,694,834,712,551,452,1155,546,724,472,737,881,998,983,955,459,815,574,970,394,1188,158,950,629,493,101,1151,374,796,1059,535,1131,137,773,864,557,1621,425,524,600,782,458,1251,505,814,558,159,727,169,340,772,520,1082,1350,414,388,503,842,576,1092,812,0,431,647,418,566,506,994,143,588,450,519,665,549,897,1404,495,532,324,647,646,570,1073,283,1186,316,776,493,683,634
72,390,451,680,1016,602,678,906,1563,426,753,581,802,654,720,256,30,1105,669,727,567,830,830,948,933,1164,430,811,946,919,766,1137,519,1130,291,598,434,1101,739,1153,1074,669,1081,529,1130,1098,573,1894,659,654,794,1137,694,1224,893,1171,734,465,1082,492,466,1130,756,1032,1622,381,622,210,1198,681,1041,1169,441,0,718,30,618,682,944,431,767,746,615,1022,785,847,1677,383,769,404,376,713,232,1023,476,1458,482,1133,727,339,748
73,782,413,1050,1368,327,1000,1117,1472,930,1332,950,1277,1232,227,795,774,1626,1150,239,340,1310,1490,1584,1593,1229,1055,1397,753,1557,573,1715,765,1296,917,1103,728,1715,776,960,1404,1139,1540,684,937,1159,298,1802,1029,1128,1172,985,965,1525,807,978,203,522,930,532,963,936,1002,1595,1530,1006,992,924,1016,1186,1605,976,642,744,0,773,1176,240,1580,774,342,835,1128,828,957,1507,1585,378,967,484,1002,1256,924,1683,887,1367,920,940,1076,910,62
74,375,436,676,1011,635,674,902,1559,421,768,577,798,659,753,289,34,1100,664,760,552,825,825,942,928,1158,426,806,931,914,751,1132,504,1125,294,594,419,1096,724,1138,1069,665,1076,514,1115,1094,606,1889,655,650,790,1133,690,1219,878,1156,719,450,1078,477,462,1114,752,1027,1618,377,618,214,1193,676,1036,1154,426,33,752,0,614,666,939,416,752,742,610,1006,781,842,1672,416,764,389,380,708,236,1018,472,1454,478,1118,723,349,781
75,406,861,354,484,1178,368,525,1181,329,419,350,232,501,1228,801,592,688,196,1240,987,315,414,531,516,747,216,348,632,503,809,721,542,713,453,126,480,684,698,840,658,196,664,552,910,706,1072,1512,359,256,284,776,447,808,616,859,1074,674,721,684,309,909,395,616,1240,262,360,488,837,109,625,857,556,622,1162,612,0,1021,527,454,1104,569,54,818,487,430,1295,992,471,839,409,179,475,606,416,1077,421,801,346,508,1149
76,616,246,883,1282,377,879,1030,1385,764,1312,784,1132,1180,329,752,671,1540,983,341,186,1174,1324,1441,1426,1142,889,1258,666,1413,486,1628,599,1209,883,936,561,1594,689,873,1317,972,1453,518,850,1072,257,1715,862,962,1037,898,878,1438,720,891,175,355,843,365,796,850,915,1508,1444,840,825,758,929,1019,1518,889,475,650,264,637,1009,0,1437,607,258,748,962,742,871,1340,1498,419,880,317,902,1089,825,1516,720,1280,753,853,930,938,251
77,832,1287,780,538,1407,794,698,1224,756,278,776,581,464,1525,1096,914,564,622,1532,1413,502,289,26,211,623,700,452,1006,378,1236,455,968,589,716,552,906,393,1124,1057,533,623,540,978,1284,643,1378,1554,785,682,590,972,873,684,990,1080,1500,1100,909,1110,735,1283,782,401,1282,746,786,764,1020,410,406,990,983,945,1524,934,512,1448,0,880,1530,995,514,1192,907,175,1337,1188,891,1251,626,426,743,270,842,1119,848,1011,710,761,1553
78,68,484,399,800,801,394,623,1280,187,817,299,582,722,851,549,415,1043,451,863,610,659,768,886,871,908,347,703,572,858,393,1075,125,903,563,381,98,1039,379,794,1012,451,1019,135,771,816,695,1610,378,417,553,780,411,1163,503,812,696,297,725,307,228,771,472,970,1339,302,341,437,840,464,980,810,140,429,785,416,454,644,882,0,702,455,407,663,502,785,1393,616,485,461,581,534,504,961,173,1175,206,774,446,617,772
79,680,428,918,1287,559,914,1035,1390,799,1429,819,1166,1300,502,897,791,1545,1018,514,368,1209,1380,1497,1483,1147,958,1305,671,1469,491,1633,634,1214,1004,993,662,1633,694,878,1322,1008,1458,552,855,1077,439,1720,897,996,1072,903,883,1443,725,896,238,425,848,434,831,854,920,1513,1448,913,860,878,934,1075,1523,894,572,770,343,758,1066,300,1494,642,0,753,1018,747,876,1397,1503,601,885,445,1022,1145,945,1573,755,1285,788,858,965,1058,321
80,458,754,321,724,993,246,445,1011,358,934,267,570,929,1028,925,716,1086,421,1028,802,612,864,1003,988,694,491,708,292,925,455,1167,429,748,803,455,481,1156,235,554,856,410,992,478,561,624,873,1342,258,400,475,506,167,990,230,572,872,605,452,577,334,561,310,1048,1070,479,220,705,567,581,1057,570,511,746,877,736,571,822,999,464,790,0,524,453,182,902,1125,933,198,762,805,651,745,1078,302,907,301,531,368,858,887
81,365,820,310,478,1137,324,519,1175,288,445,309,226,511,1187,794,585,684,152,1199,946,310,409,526,512,743,216,344,626,498,769,716,501,709,458,81,439,680,657,834,653,152,660,511,904,700,1031,1506,314,215,278,770,406,803,590,853,1033,634,715,644,268,903,389,611,1234,263,319,489,831,104,620,851,516,615,1122,605,61,981,523,413,1063,528,0,812,443,426,1289,959,426,798,413,174,479,602,375,1071,380,795,340,512,1109
82,702,693,591,796,931,508,571,895,733,1153,676,773,1252,967,1153,1047,1052,676,966,741,792,922,1207,1145,655,895,878,261,983,372,1141,643,722,1197,744,717,1141,381,386,830,700,966,563,144,585,811,1226,568,723,655,411,566,951,324,378,810,674,356,659,750,144,510,1021,954,883,620,1071,439,857,1031,400,679,1026,815,1013,855,760,1203,665,729,436,821,0,473,1055,1008,872,475,701,1155,864,1138,1166,678,790,711,366,584,1252,825
83,505,825,202,585,1063,120,294,893,405,839,290,434,870,1099,972,763,940,325,1098,873,477,729,907,892,570,509,572,283,790,526,1021,476,602,817,362,528,1021,301,512,710,318,846,525,581,501,943,1223,168,343,340,448,184,866,203,530,943,676,393,648,365,581,159,902,952,497,228,722,508,501,911,528,558,793,947,783,490,893,903,511,861,215,440,478,0,806,1006,1004,16,833,773,549,762,982,349,788,348,472,233,872,957
84,746,1201,695,401,1396,709,560,1086,670,370,690,495,556,1514,1023,829,427,537,1521,1328,416,152,189,154,486,614,366,920,241,1150,358,882,452,636,466,820,322,1038,919,396,537,403,893,1159,505,1367,1417,699,596,504,834,787,546,904,943,1414,1015,772,1025,650,1158,696,305,1145,660,700,678,882,324,310,853,897,859,1503,848,426,1362,185,794,1444,909,429,1060,821,0,1200,1177,805,1165,591,341,657,244,756,982,762,873,624,691,1490
85,1396,1466,1087,1067,1705,1005,841,144,1296,1485,1185,1164,1672,1741,1864,1654,1079,1167,1740,1514,1117,1099,1368,1230,894,1404,1183,921,1072,1168,1227,1368,979,1664,1228,1420,1225,1109,771,999,1183,1011,1298,1104,863,1585,248,1067,1207,1017,745,1076,978,954,718,1584,1422,716,1394,1260,1106,990,1107,399,1392,1122,1617,658,1248,1117,615,1415,1684,1589,1674,1301,1534,1364,1402,1503,1129,1295,1008,1015,1216,0,1646,999,1474,1619,1255,1657,1251,1240,423,1239,753,1040,1718,1599
86,621,232,935,1337,262,930,1159,1531,769,1061,835,1145,961,380,512,499,1490,1012,386,286,1220,1216,1313,1318,1289,816,1196,813,1305,633,1523,639,1355,646,941,567,1486,831,1019,1463,1012,1466,589,996,1219,232,1862,913,998,1088,1044,947,1585,866,1038,481,375,990,402,809,996,1008,1418,1590,768,876,628,1076,1024,1427,1036,495,468,378,467,992,439,1309,622,585,894,967,888,1017,1232,1645,0,1021,233,732,1094,654,1408,754,1427,787,1000,981,639,407
87,488,841,186,569,1079,104,278,877,389,822,274,418,854,1115,956,747,924,309,1114,889,461,713,891,876,554,492,556,290,774,542,1005,460,586,801,346,512,1005,317,510,694,301,830,509,579,484,959,1207,152,327,324,445,168,850,210,528,958,685,390,657,348,578,142,885,936,480,211,706,506,484,895,526,542,777,963,766,474,908,887,495,877,222,424,487,16,790,990,1020,0,849,756,533,746,966,333,772,332,470,216,856,973
88,462,95,762,1164,402,758,986,1359,610,1095,663,987,963,520,483,421,1404,853,527,211,1053,1129,1246,1232,1116,706,1105,640,1218,460,1436,467,1183,663,783,408,1400,658,847,1291,851,1380,416,824,1046,310,1689,741,839,916,872,774,1412,694,865,406,203,817,230,651,824,836,1331,1418,657,704,541,903,865,1340,863,323,400,495,388,856,354,1243,463,462,722,808,716,845,1146,1472,234,848,0,685,935,604,1322,596,1254,629,827,809,718,482
89,534,739,651,755,870,665,849,1503,540,447,607,567,314,988,521,336,843,493,995,855,568,568,631,671,902,375,549,981,658,937,875,670,868,110,422,608,839,883,1183,812,493,819,680,1259,922,840,1833,656,556,616,1112,736,963,931,1208,996,710,1057,737,520,1258,744,770,1562,359,649,206,1172,435,780,1206,655,366,986,373,404,944,628,582,1030,806,426,1167,784,585,1616,651,768,692,0,452,131,761,610,1398,616,1137,695,164,1016
90,491,946,439,435,1254,452,477,1134,414,375,435,234,542,1313,881,687,600,279,1325,1072,221,326,443,428,659,358,260,658,415,894,633,627,625,494,210,565,596,783,810,570,281,576,637,936,657,1157,1464,444,340,243,740,532,720,643,839,1158,759,685,769,394,936,434,528,1192,405,445,536,800,69,537,837,641,717,1247,706,171,1106,440,539,1189,653,173,845,560,342,1247,1035,544,924,450,0,515,518,501,1029,506,764,363,549,1234
91,454,659,636,813,805,650,864,1520,469,564,536,625,458,923,390,205,901,551,930,775,626,626,744,729,960,316,607,966,715,858,933,590,926,59,480,528,897,803,1175,870,551,877,601,1236,980,776,1851,615,569,673,1111,665,1020,916,1194,918,631,1056,658,449,1236,730,828,1579,288,578,105,1171,493,838,1192,577,235,922,242,462,866,740,502,952,735,484,1128,755,643,1634,586,739,612,144,510,0,819,531,1416,536,1136,682,113,951
92,917,1371,865,623,1566,879,775,1132,840,459,860,665,645,1685,1193,999,435,707,1691,1498,586,374,278,134,592,784,537,1090,446,1320,215,1052,569,806,636,991,138,1208,1041,474,707,429,1063,1280,622,1537,1462,870,766,675,956,957,525,1074,1002,1584,1185,893,1195,820,1280,866,260,1190,830,870,848,948,494,265,898,1067,1029,1673,1018,597,1532,274,965,1614,1079,599,1181,992,246,1245,1347,975,1335,762,511,827,0,927,1027,932,995,794,861,1660
93,172,610,240,642,927,237,466,1122,96,786,140,479,751,977,647,453,1012,340,989,736,531,738,855,840,751,313,626,552,827,524,1044,217,744,602,323,196,1008,338,760,852,329,988,265,777,657,821,1453,218,314,394,696,254,1047,492,779,823,424,641,434,117,777,315,939,1181,279,182,476,757,433,949,777,279,483,912,473,423,771,851,179,836,305,376,669,344,754,1236,749,328,588,620,503,543,930,0,1018,34,721,286,657,899
94,1169,1240,860,840,1478,778,614,304,1069,1258,958,936,1445,1514,1636,1427,852,940,1513,1288,890,872,1140,1003,667,1176,956,694,845,941,1000,1141,752,1436,1001,1193,998,882,544,772,956,784,1071,877,636,1358,635,840,980,790,518,849,751,727,492,1357,1195,489,1167,1032,879,763,880,227,1165,895,1390,431,1020,890,388,1188,1457,1362,1447,1074,1307,1137,1175,1276,902,1068,781,788,989,418,1419,772,1248,1392,1028,1430,1024,1013,0,1012,526,813,1491,1372
95,198,636,239,641,954,236,465,1121,91,781,139,474,746,1003,658,448,1007,339,1015,763,530,732,850,835,750,308,625,551,822,550,1039,243,743,597,318,222,1003,364,760,851,328,983,292,803,656,848,1452,218,309,393,695,253,1046,502,778,849,450,640,460,112,803,314,934,1180,274,181,471,756,428,944,776,305,478,938,468,418,797,846,205,862,304,371,695,343,749,1235,776,327,614,615,498,538,925,27,1017,0,720,285,652,925
96,831,821,566,601,1060,486,375,638,778,1039,662,666,1214,1095,1281,1136,857,653,1094,869,648,727,1011,950,459,880,716,276,788,522,945,773,526,1166,718,845,945,504,131,634,674,770,693,458,389,939,969,545,700,548,168,558,755,349,251,939,803,139,788,736,458,472,826,697,868,599,1094,190,750,835,276,807,1154,944,1142,802,889,1007,793,857,524,796,359,451,859,752,1000,452,829,1121,757,1134,971,722,534,721,0,517,1221,954
97,474,873,156,356,1181,162,195,852,370,606,252,226,773,1217,947,738,808,229,1229,991,244,496,674,660,480,470,340,368,557,662,840,446,472,726,290,498,828,504,520,580,245,716,495,646,385,1061,1182,179,269,107,449,262,776,353,549,1063,686,395,677,326,646,144,735,910,458,189,684,510,310,744,547,528,768,1083,757,364,1011,671,481,997,391,358,555,270,574,965,1022,254,851,681,317,724,750,324,747,323,474,0,780,1093
98,575,774,753,857,786,767,952,1605,590,541,657,669,441,905,443,326,945,595,911,825,671,671,779,773,1004,437,652,1083,760,979,978,711,970,94,525,649,941,924,1285,915,596,921,722,1357,1024,757,1936,736,658,718,1214,786,1065,1034,1310,1006,752,1160,779,570,1357,846,872,1664,408,699,226,1275,538,882,1308,698,342,903,360,506,964,775,623,1073,856,529,1249,876,687,1718,567,860,733,180,554,121,863,652,1500,657,1239,798,0,932
99,780,411,1048,1368,356,999,1116,1471,928,1361,948,1276,1261,256,824,803,1626,1148,268,351,1308,1488,1606,1591,1228,1053,1396,752,1556,572,1714,763,1295,946,1101,726,1714,775,959,1403,1137,1539,682,936,1158,327,1801,1026,1126,1171,984,964,1524,806,977,184,520,929,529,960,935,1001,1594,1529,1004,990,922,1015,1183,1604,975,640,773,69,802,1174,270,1602,772,323,834,1126,828,956,1505,1584,407,966,482,1032,1253,954,1681,885,1366,918,939,1074,939,0
